,0,1
0,!J INC,0001438823
1,"#1 A LIFESAFER HOLDINGS, INC.",0001509607
2,#1 ARIZONA DISCOUNT PROPERTIES LLC,0001457512
3,#1 PAINTBALL CORP,0001433777
4,$ LLC,0001427189
5,& S MEDIA GROUP LLC,0001447162
6,&TV COMMUNICATIONS INC.,0001479357
7,"'LAINE'S BAKE SHOP LLC, SERIES OF BG CONSORTIUM LLC",0001732207
8,"'MKTG, INC.'",0000886475
9,'OHANA LABS INC.,0001703629
10,(OURCROWD INVESTMENT IN MST) L.P.,0001599496
11,(Y.Z) QUEENCO LTD.,0001623088
12,".CLUB DOMAINS, LLC",0001577787
13,012 SMILE.COMMUNICATIONS LTD,0001402606
14,"01VC FUND II, L.P.",0001746009
15,02 MEDTECH INC,0001409768
16,"0210, LLC",0001494698
17,"024 PHARMA, INC.",0001307969
18,02DIESEL CORP,0001414080
19,03 ENTERTAINMENT GROUP INC,0001322914
20,033 ASSET MANAGEMENT LLC /,0001114831
21,05 AFWAIN COURITY KATHY LLC,0001398981
22,05 CAT THIEF/GOLD IN MY STARS LLC,0001406134
23,05 DIXIE UNION/UNDER FIRE LLC,0001395687
24,05 EL CORREDOR/ONE BAD CAT LLC,0001398457
25,05 FREUD/LAVISH NUMBERS LLC,0001402813
26,05 GOLD CASE/JETAZELLE LLC,0001398456
27,05 HOLD THAT TIGER TOJUR LLC,0001394816
28,05 INDIAN CHARLIE/HELLO KITTY KITTY LLC,0001395686
29,05 KAFWAIN JOVIAL WINGS LLC,0001399020
30,05 LIDO PALACEMADA MEADOWLAKE LLC,0001398982
31,05 MACHO UNO GO DONNA GO LLC,0001394815
32,05 MALABAR GOLD/KNOCK ON GIN LLC,0001406031
33,05 PHONE/TRICK/LIGHTBEAM LLC,0001404585
34,05 SMOKE GLACKEN/ADDED TIME LLC,0001398553
35,05 STORM CAT COUNTRY ROMANCE LLC,0001398985
36,05 TRIPPI/PROLOGUE LLC,0001398705
37,05 TWO PUNCH/SOMETHING LIGHT LLC,0001412460
38,05JV3 PROGRAM,0001329695
39,05JV4 PROGRAM,0001332378
40,06 BOWMANS BAND/GRACEFUL PROSPECT LLC,0001450403
41,06 BROKEN VOW/E1'S RED CAT LLC,0001420655
42,06 CITY PLACE LIBRARIAN LLC,0001431063
43,06 DATTTSDAWAYILIKEIT LLC,0001431029
44,06 DIXIE UNION/GENERAL JEANNE LLC,0001416530
45,06 E DUBAI/TWICE FORBIDDEN LLC,0001441323
46,06 EL CORREDOR JUST GIN'N LLC,0001437419
47,06 ELUSIVE QUALITY LAVENDER LLC,0001431035
48,06 FLATTER/BE A QUIET HONEY LLC,0001441344
49,06 FOREST CAMP/HOPES DIAMOND LLC,0001440017
50,06 FRIENDS LAKE/PROFIT SYSTEM LLC,0001441524
51,06 INDIAN CHARLIE RISING TIDE LLC,0001430273
52,06 LION HEART MOMENTS DELIGHT LLC,0001438444
53,06 MALIBU MOON/NATIONAL PASTIME LLC,0001436383
54,06 NOT FOR LOVE/NEAR & DEAR LLC,0001419524
55,06 PEACE FULES JUSTFORTHEGIRLS LLC,0001433512
56,06 PEACE RULES/MAMBO MISTRESS LLC,0001433788
57,06 PURE PRIZE GLORIAS GOLD LLC,0001436390
58,06 READ THE FOOTNOTES/RE RE BE BE LLC,0001433978
59,06 ROARING FEVER/REPAST LLC,0001418419
60,06 ROCK SLIDE/IN GLOWING COLORS LLC,0001420656
61,06 SARAVA JUST GORGEOUS LLC,0001437320
62,06 SEATTLE FITZ LIGHT LINE LLC,0001429750
63,06 SILVER DEPUTY BELOVED LLC,0001435216
64,06 SILVER DEPUTY DAISY DUKES LLC,0001429800
65,06 TAPIT LOOKING FOR A STAR LLC,0001433513
66,06 TETON FOREST PRINCESS SEQUOIA LLC,0001431571
67,06 TIGER RIDGE/EM BARBIE DOLL LLC,0001437319
68,06 WEST ACRE CLASSIC BEAUTY LLC,0001433971
69,06 WESTS SECRET LLC,0001434905
70,06068900 B.C. LTD.,0001477445
71,"07 CASTLEDALE/MARY CAROLYN, LLC",0001462728
72,07 CLOSING ARGUMENT/AUTUMN MUSIC LLC,0001449175
73,"07 CONSOLIDATOR/SUTTER SUTTER, LLC",0001459753
74,"07 DIXIE UNION/MAIDEN VOYAGE, LLC",0001462727
75,07 EXCHANGE RATE/STAR ONE ONE LLC,0001450794
76,"07 FOREST CAMP/QUIET SUMMERNIGHT, LLC",0001462274
77,"07 FOREST CAMP/VICTORY TRICK, LLC",0001463759
78,"07 FOREST DANGER/STARSHIP SENSATION, LLC",0001470268
79,"07 GRAEME HALL/VINES OF JUSTICE, LLC",0001459751
80,"07 GRAND REWARD/ROSE CITY, LLC",0001462597
81,07 MACHO UNO/VICTORIAN SILVER LLC,0001449174
82,07 MORE THAN READY/GERA LLC,0001450792
83,"07 NOT FOR LOVE/LADY TIARA, LLC",0001462859
84,"07 OFFLEE WILD/A LOOSE KISSER, LLC",0001467551
85,"07 OFFLEE WILD/PRIZE CONNECTION, LLC",0001485048
86,"07 PICO CENTRAL/BROWN EYED MISS, LLC",0001463761
87,"07 PLEASANTLY PERFECT/GENERAL JEANNE, LLC",0001469942
88,07 QUESTRESS LLC,0001449120
89,"07 ROCK HARD TEN/GEMILLI, LLC",0001462598
90,07 SEATTLE FITZ/WATCH THAT GIRL LLC,0001449176
91,07 SEINNE GERANIUM LLC,0001450803
92,"07 SKY MESA/CITIVIEW, LLC",0001461619
93,"07 SMARTY JONES/SUNRISE SLEW, LLC",0001462860
94,"07 SUCCESSFUL APPEAL/BIG SCORE, LLC",0001460306
95,"07 TAPIT/GRANUAILE, LLC",0001459752
96,"0718806 BC, LTD",0001427374
97,0741693 B.C. LTD.,0001374489
98,0761717 B.C. LTD.,0001374490
99,0766284 B.C. LTD,0001396608
100,0787251 BC LTD,0001413382
101,0792725 B.C. LTD,0001404326
102,"08 AD VALOREM/QUEENLINESS, LLC",0001480148
103,"08 BADGE OF SILVER/WISE ENDING, LLC",0001487169
104,"08 BOLD EXECUTIVE/ORCADIA, LLC",0001480149
105,"08 CANDY RIDE/MISS PUZZLE, LLC",0001480150
106,"08 DA STOOPS/JATHIBIYAH, LLC",0001487170
107,"08 DEHERE/SWEEPING BEAUTY, LLC",0001480145
108,"08 EL CORREDOR/AMANDAS BANDIT, LLC",0001491086
109,"08 EL CORREDOR/DANCING PRISM, LLC",0001480146
110,"08 EL CORREDOR/HOT GOLDEN JET, LLC",0001480151
111,"08 FIRST SAMURAI/SHOP AGAIN, LLC",0001480152
112,"08 FLATTER/GLAMORAMA, LLC",0001496718
113,"08 FLATTER/SLAMMIN' LIL, LLC",0001490980
114,"08 GIANT'S CAUSEWAY/SMOKE'N FROLIC, LLC",0001487171
115,"08 GRAND SLAM/FEMININE, LLC",0001508945
116,"08 HOLY ROMAN EMPEROR/TING A GREELEY, LLC",0001480153
117,"08 INDIAN CHARLIE/GREELEY MAE, LLC",0001487165
118,"08 INDIAN CHARLIE/KING'S FANCY, LLC",0001480154
119,"08 INDIAN CHARLIE/SARATOGA CAT, LLC",0001480155
120,"08 JOHAR/ZAWAAYA, LLC",0001491085
121,"08 MACHO UNO/I ALREADY KNOW, LLC",0001487166
122,"08 MALIBU MOON/ASTICKYPROPOSITION, LLC",0001480156
123,"08 MARGIE'S WILDCAT/A LOOSE KISSER, LLC",0001490982
124,"08 MARIA'S MON/CANTAMAR, LLC",0001494002
125,"08 ORIENTATE/SONG'N DANCE, LLC",0001487167
126,"08 SIR SHACKLETON/LADY LYRA, LLC",0001480157
127,"08 SMOKE GLACKEN/MINADO, LLC",0001487180
128,"08 TAPIT/WORLD OF THANKS, LLC",0001502766
129,"08 UNBRIDLED ENERGY/TWILIGHT LEAGUE, LLC",0001490981
130,0824239 B.C. LTD.,0001489801
131,0847473 B.C. LTD.,0001573759
132,0890697 B.C. LTD.,0001502691
133,0893787 B.C. LTD.,0001514823
134,"09 ARCH/RUN WITH THE SPIRIT, LLC",0001504314
135,"09 AWESOME AGAIN/BLIND CANYON, LLC",0001503693
136,"09 BELLAMY ROAD/FOREVER DIXIE, LLC",0001508946
137,"09 CITY ZIP/CAPOTE'S TUNE, LLC",0001503690
138,"09 DYNAFORMER/MUST BE A LADY, LLC",0001503689
139,"09 EMPIRE MAKER/ANGEL ARCH, LLC",0001514958
140,"09 EXCLUSIVE QUALITY/ON THE PODIUM, LLC",0001516672
141,"09 FLASHY BULL/CAROL'S AMORE, LLC",0001503734
142,"09 FLASHY BULL/DESERT SUNRISE, LLC",0001516650
143,"09 FLASHY BULL/DREAM CITY, LLC",0001516651
144,"09 FLASHY BULL/LAELIA, LLC",0001514975
145,"09 HALF OURS/DIXIE LYRICS, LLC",0001503696
146,"09 LATENT HEAT/KNOTTY ASH, LLC",0001503733
147,"09 LION HEART/SONG'N DANCE, LLC",0001516652
148,"09 MACHO UNO/CHAMPAGNE COCKTAIL, LLC",0001514976
149,09 OFFLEE WILD FILLY LLC,0001529918
150,"09 PROUD CITIZEN/MARIALUA, LLC",0001503691
151,"09 PURE PRIZE/ABSOLUTELY LOVELY, LLC",0001516653
152,"09 PURE PRIZE/YES IT'S ROYALTY, LLC",0001516654
153,"09 PURIM/TOUCH ME ONCE, LLC",0001514977
154,"09 ROCK HARD TEN/BARBARA 0RR, LLC",0001516655
155,"09 ROCKPORT HARBOR/MAMA'S CITY, LLC",0001516656
156,"09 SILVER TRAIN/ALOTOFAPPEAL, LLC",0001516671
157,"09 STORMY ATLANTIC/LASSO THE MOON, LLC",0001503732
158,0901958 B.C. LTD.,0001562587
159,0910703 B.C. LTD.,0001528283
160,0916753 B.C. ULC,0001528141
161,"0967761 BC, LTD.",0001640984
162,1 4 SURGICAL SERVICES LLC,0001229382
163,1 4F SHENGSHI INC,0001398560
164,1 800 AUTOTOW INC,0001054476
165,1 800 CONTACTS INC,0001050122
166,1 800 FLOWERS COM INC,0001084869
167,1 800 MUTUALS ADVISOR SERIES,0001137095
168,1 800 MUTUALS ADVISORS SERIES,0001137095
169,1 800 PATCHES INC,0001177967
170,1 800 RADIATOR FRANCHISE INC,0001386243
171,1 ANSWER SOLUTIONS INC,0001329131
172,1 ATELIER LLC,0001748191
173,1 CLASS CORP,0001160523
174,"1 COMMUNITY BUILDERS, LLC",0001629607
175,"1 DB FINANCIAL, INC.",0001464602
176,1 FINANCIAL MARKETPLACE SECURITIES LLC                  /BD,0001141679
177,"1 FINANCIAL MARKETPLACE SECURITIES, LLC",0001141679
178,"1 HOLBROOK LN, LLC",0001705299
179,1 JOINT VENTURE,0001213243
180,1 LANE TECHNOLOGIES CORP,0001422222
181,"1 LOVEJOY WHARF BOSTON REALTY, LLC",0001676395
182,"1 MAIN CAPITAL PARTNERS, LP",0001728406
183,1 NORTH EQUITY HEALTHCARE LONG/SHORT FUND LLC,0001591835
184,1 PINE POINT LLC,0001678400
185,"1 PRIORITY ACQUISITION, LLC",0001738672
186,1 RATE COM LLC,0001175115
187,1 SOLUTION CORP,0001101417
188,"1 SOUTH WACKER HOLDINGS, LLC",0001564981
189,1 ST NRG WYOMING,0001711721
190,1 USA V ACQUISITION CORP,0001160181
191,"1 VALLEY VIEW GROUP, LLC",0001634723
192,"1 VOICE FILMS FOR THE GLORY, LLC",0001490327
193,"1 WORLD LAUNDRY HOLDINGS, LLC",0001571673
194,1 WT TESORO CORP,0001356060
195,1 ZONE LTD,0001341923
196,1-10/KATY LTD,0001407576
197,"1-800 ALL PARTS HOLDINGS, INC.",0001590169
198,1-800 ATTORNEY INC,0001010615
199,1-800 IDEAS COM INC,0001240333
200,1-800 MUTUAL FUNDS INC,0001073045
201,1-800 WINESHOP COM INC,0001376285
202,"1-800-DOCTORS, INC.",0001508678
203,1-800-JACKPOT INC,0001405333
204,1-800-PACK-RAT LLC,0001398179
205,"1-800-PACK-RAT, LLC",0001398179
206,1-800-PHARMACY INC,0001416449
207,1-800-RADIATOR FRANCHISE INC.,0001409739
208,"1-900 JACKPOT, INC.",0001098686
209,1-PAGE LTD,0001628533
210,1/2 MAC LTD,0001300207
211,"10 ANY GIVEN SATURDAY/BRIGHT IMAGE, LLC",0001531112
212,"10 CIRCULAR QUAY/CHISPISKI, LLC",0001548386
213,"10 CONGRATS/PONDERWAY, LLC",0001544871
214,10 DEGREE LLC,0001170475
215,"10 DIXIE UNION/ACANTHUS, LLC",0001531110
216,"10 EDDINGTON/GOTTAH PENNY, LLC",0001544446
217,"10 FARNSWORTH PARTNERS, LLC",0001618374
218,10 FC LLC,0001436830
219,"10 FEDERAL SELF STORAGE ACQUISITION CO 1, LLC",0001711632
220,"10 FLATTER/OUR MAGIC CAT, LLC",0001531113
221,"10 FOOTSTEPSINTHESAND/HAUTE VOLTA, LLC",0001532884
222,10 GROUP PLC/ADR,0001165529
223,"10 JAY PEG/HAPPY JEAN, LLC",0001544448
224,"10 LAWYER RON/JOSTLE, LLC",0001544872
225,"10 LEMON DROP KID/MEADOW VISTA, LLC",0001547272
226,"10 LION HEART/PROFESSORA, LLC",0001544447
227,"10 MALIBU MOON/BANDSTAND, LLC",0001530242
228,"10 OUTDOOR ADVERTISING, INC.",0001337336
229,"10 PERCENT FEE, LLC",0001479963
230,"10 PERCENT HAPPIER, INC.",0001599164
231,10 PERIMETER INVESTORS LLC,0001701111
232,"10 PURE PRIZE/GATHERINDY, LLC",0001544445
233,"10 SHARP HUMOR/SNOW COUNTY HONEY, LLC",0001548780
234,"10 SHIROCCO/NOVELINA, LLC",0001532885
235,"10 SKY MESA/FLYING AFLEET, LLC",0001544873
236,"10 STORMY ATLANTIC/TOUCHNOW, LLC",0001544874
237,"10 TALE OF THE CAT/I'M BEGUILED AGAIN, LLC",0001544860
238,"10 TALENT CAPITAL, LP",0001684824
239,"10 UCP REIT, LLC",0001482999
240,"10 UTOPIA/DANCIN ON BROADWAY, LLC",0001548387
241,"10 VALUE PLUS/HOW 'BOUT NO, LLC",0001547273
242,"10 VAR/ROLLICKING ROMP, LLC",0001544449
243,10 WEST CAPITAL GROWTH FUND LP,0001530837
244,10-120 S. RIVERSIDE REIT,0001598761
245,"10-15 ASSOCIATES, INC.",0001511144
246,"10-17 CADC, LLC",0001719633
247,10-20 CHANNEL CENTER REIT,0001665022
248,"10-20 MEDIA, INC.",0001460764
249,"10-30 S. WACKER CORE, L.L.C.",0001629331
250,10-4 CORP,0001437719
251,10/120 SOUTH RIVERSIDE ILLINOIS BUSINESS TRUST,0001389585
252,100 BOOK CHALLENGE CO,0001191683
253,"100 CONGRESS REIT, LLC",0001693778
254,100 COURT INVESTORS LLC TIG-1 LLC,0001267947
255,100 FEDERAL SUBSIDIARY REIT LLC,0001626589
256,"100 HIGH LOWER REIT II-B, L.L.C.",0001729790
257,"100 HIGH UPPER REIT II-B, L.L.C.",0001729791
258,100 MANHATTAN FUNDING LP,0001711591
259,100 MAPLE LLC,0001429709
260,100 MILE FUND LLC,0001524609
261,100 MILL PLAIN INVESTORS LLC,0001642107
262,"100 NORTHERN REIT, LLC",0001726258
263,"100 OGLETHORPE, LLC",0001719605
264,"100 PERCENT ALL NATURAL, INC.",0001715281
265,"100 PLAZA HOLDINGS, LLC",0001593419
266,100 RIO GRANDE LLC,0001353013
267,"100 SUNRISE UNIT 325, LLC",0001736435
268,"100 THIEVES, LLC",0001737021
269,100 W. EXCHANGE AVE. INC,0001400556
270,100 WALL ENERGY PARTNERS L P,0001327600
271,100 WALL INVESTMENTS LLC,0001662965
272,100 WEST 93RD STREET INVESTORS LP,0001677628
273,"100 WEST C STREET INVESTORS, LLC",0001695034
274,1000 1ST AVENUE SOUTH LP,0001382747
275,"1000 HOWARD BOULEVARD PARTNERS, L.P.",0001655487
276,"1000 MAIN REIT, LLC",0001565574
277,"1000 MARKETS, INC.",0001464831
278,1000 MARY LLC,0001701871
279,"1000 NORTH ARIZOLA ROAD, LLC",0001671787
280,1000 OAKS CO,0001254676
281,1000 WEST BAGLEY LLC,0001724723
282,"1000-1100 REIT, LLC",0001536618
283,10000 LAMAR LLC,0001702918
284,"1000CHANNEL REAL ESTATE OPPORTUNITIES FEEDER FUND, LTD.",0001648832
285,"1000MUSEUMS, INC.",0001474068
286,"1001 BANNOCK ST., LLC",0001590398
287,"1001 G STREET REHABILITAITON, LP",0001680019
288,"1001 SOUTH STATE STREET HOLDINGS, LLC",0001631960
289,1001 STEPS FUNDS LP,0001478218
290,1001 WAYS PRODUCTIONS LLC,0001455357
291,1003652 CANADA INC.,0001709188
292,1005 INVESTORS LLC,0001398898
293,1008 UPPER GULPH ASSOCIATES LP,0001174861
294,100E LTD,0001340589
295,100E.COM INC,0001374323
296,"100HEALTH, INC.",0001627923
297,"100INSIGHTS, INC",0001651654
298,"100MILATBOX, LLC",0001549422
299,"101 COMMERCE, INC.",0001741942
300,101 CONSTITUTION TRUST,0001405968
301,"101 CORPORATE CENTER, LLC",0001553164
302,101 DALMATIANS WORLDWIDE LLC,0001464454
303,"101 EDU, INC.",0001707832
304,101 HUNTINGTON HOLDINGS LLC,0001208476
305,101 MAIN STREET LIMITED LIABILITY CO,0001060540
306,"101 N. CHARLES MENDELSON INVESTOR, LLC",0001711893
307,101 PARKSHORE INVESTORS I LLC,0001283489
308,"101 SANCHEZ ASSOCIATES, LLC",0001639548
309,101 SEAPORT BLVD LLC,0001694963
310,"101 SHERIDAN APARTMENTS, LLC",0001623034
311,"101 SOUTHHALL REALTY, LLLP",0001740582
312,101 WEST 126TH STREET LLC,0001313111
313,"101 WINNERS CIRCLE ASSOCIATES, L.P.",0001476031
314,101 WYCKOFF LLC,0001274880
315,1010 BEHMANN LLC,0001714328
316,"1010 EAST WASH, LLC",0001678068
317,"10101 SW 14 MEMBER, LLC",0001635622
318,"1010DATA, INC.",0001485425
319,"1011 - 1041 TALEGA, LLC",0001517889
320,1011 BRIAR HILLS ONE INVESTORS INC,0001300457
321,101105607 SASKATCHEWAN LTD,0001564293
322,1011773 B.C. UNLIMITED LIABILITY CO,0001618756
323,"1013 PROPERTIES, LLC",0001472842
324,1014 CARROLL FUNDING L.P.,0001711601
325,1015 FINANCIAL ASSOCIATES LLC,0001180931
326,"1015 PARTNERS, LP",0001515367
327,1016 1ST AVE SOUTH L P,0001356457
328,1019 FIFTH STREET LIMITED PARTNERSHIP,0001647876
329,101ST & ROOSEVELT LLC,0001331027
330,102 TECHNOLOGY LLC,0001310921
331,"102-43 CORONA AVENUE, INC.",0001690615
332,"1020 DIGITAL, LLC",0001647499
333,1025 VERMONT INVESTORS LLC,0001209979
334,1028 MADISON FUNDING LP,0001711597
335,"1029 GEARY STREET PROPERTY, LLC",0001631883
336,"103 CONTINENTAL PLACE ASSOCIATES , L.P.",0001565471
337,103 WATSON FUND LLC,0001483674
338,103-110 CORPORATE PARK DRIVE LLC,0001427578
339,"1031 BRIDGE, LLC",0001550799
340,"1031 CROWDFUNDING, LLC",0001622356
341,1031 OPERATIONS CORP,0001435268
342,1031 XCHANGE TRUST I,0001745564
343,"1033 SOUTH BASCOM, LLC",0001605914
344,1034 BEDFORD FUNDING L.P.,0001732041
345,103RD STREET INVESTORS LLC,0001683631
346,104 W ANAPAMU PARTNERS L P,0001355404
347,10400 INNOVATION LLC,0001424928
348,"10445 GREENS CROSSING, LP",0001680127
349,10488 CENTENNIAL ROAD LLC,0001386520
350,105-115 GREENPOINT AVENUE LLC,0001618814
351,"1050 LONGMORE APARTMENTS, LLLP",0001676481
352,"1050 PAGE MILL ROAD REIT, LLC",0001595776
353,1051 DOUGLAS/BATAVIA INVESTORS LLC,0001413570
354,"1051 VILLAGE HIGHWAY PARTNERS, LLC",0001571745
355,"1052 PARTNERS, LLC",0001714308
356,1055 S ELMORA LLC,0001732438
357,10575 WESPARK FPM LP,0001309633
358,1059778 ALBERTA LTD,0001261055
359,106 & 108 CHARLES STREET LLC,0001324174
360,"1060 CAPITAL MANAGEMENT, LLC",0001580250
361,"1060 CAPITAL OPPORTUNITY FUND, LP",0001580250
362,"1060 CAPITAL OPPORTUNITY FUND, LTD",0001708338
363,"1060 CAPITAL, LLC",0001602119
364,10600 WEST BELMONT REIT LLC,0001349917
365,10605-07 S ARTESIAN LLC,0001295498
366,1061 WEST OAKLAND LLC,0001367404
367,1062 HALSEY FUNDING LP,0001711960
368,1062316 ONTARIO LTD,0001268970
369,10653918 CANADA INC.,0001742146
370,107 LAKE ST LLC,0001240619
371,"1075 WEYBRIDGE HOLDING, LLC",0001664237
372,107TH AVE OLIVE DEV PARTNERS LLC,0001340142
373,"108 SOMOGYI CT, LLC",0001732019
374,10818 MIDWEST INDUSTRIAL LLC,0001381003
375,10820 GILROY LLC,0001205835
376,10833 NE EIGHTH STREET REIT LLC,0001483038
377,10836 CAMINITO ARCADA LLC,0001609800
378,1088 MEDVESTORS LLC,0001309819
379,1089144 ALBERTA LTD,0001287017
380,109 WEST MAIN ST INC,0000929268
381,"109-05 120TH STREET, INC.",0001690602
382,10911 LINDBROOK LLC,0001390214
383,10919 WEST ROAD MANAGER LLC,0001681105
384,"10928 AUDELIA DALLAS, LP",0001681921
385,1096031 B.C. LTD,0001694215
386,10975 E 47TH AVE LLC,0001356667
387,10C TECHNOLOGIES INC,0001405978
388,10CHARGE INC,0001177145
389,10E53 REIT LLC,0001562474
390,"10FIFTY, LLC",0001643712
391,10GEN INC,0001441816
392,10K CAPITAL CONCENTRATED EQUITY FUND L P,0001369445
393,"10K CAPITAL PARTNERS, L.P.",0001532019
394,10K SMART TRUST,0001082216
395,"10SHEET SERVICES, INC.",0001560927
396,"10STORIES, INC.",0001664513
397,"10TALENTS PRIVATE FUND I, L.P.",0001700300
398,"10TALENTS PRIVATE FUND II, L.P.",0001731223
399,"10TALENTS PRIVATE FUND III, LP",0001734579
400,"10TALES, INC.",0001654462
401,10TH & BROADWAY LLC,0001631647
402,10TH AVENUE HOSPITALITY GROUP LLC,0001227390
403,"10TH PRINCIPLE, LLC",0001533853
404,"10X CAPITAL MANAGEMENT, LLC",0001457247
405,10X FUND LP,0001453356
406,"10X FUND, L.P.",0001453356
407,10X SOFTWARE INC,0001269673
408,"10X TECHNOLOGIES, INC.",0001560742
409,10X10 ROOM LLC,0001532533
410,"11 A.P. WARRIOR/DIXIE SHEIHK, LLC",0001572336
411,"11 BLUEGRASS CAT/TRULY SPECTACULAR, LLC",0001558447
412,"11 BORREGO/COUNTUS AFFAIR, LLC",0001571688
413,"11 DISCREET CAT/PAST TWILIGHT, LLC",0001558762
414,11 EAST 1ST ST. LLC,0001538381
415,"11 FIRST SAMURAI/TRIP, LLC",0001558760
416,"11 FLATTER/ADENA'S GIRL, LLC",0001575674
417,"11 FLOWER ALLEY/LISIEUX, LLC",0001557846
418,"11 GOLDEN MISSILE/CLAY'S RUN, LLC",0001575391
419,11 GOOD ENERGY INC,0001408597
420,"11 HARLAN'S HOLIDAY/DANCE TO DAWN, LLC",0001559749
421,"11 HIGH COTTON/BREAKING STORM, LLC",0001572335
422,"11 HIGH COTTON/KEIKIK, LLC",0001577460
423,"11 HONORE, INC.",0001713897
424,"11 INDIAN CHARLIE/BELLE EXCEL, LLC",0001581690
425,"11 KODIAK KOWBOY/BOOT SCOOT N RUN, LLC",0001557830
426,"11 LEMON DROP KID/MOONLIGHT CRUISE, LLC",0001574249
427,11 MADISON INVESTOR II LLC,0001665711
428,11 MADISON INVESTOR LLC,0001665354
429,"11 MASTER COMMAND/MOTHER, LLC",0001575393
430,"11 MIDNIGHT LUTE/CHILLING EFFECT, LLC",0001557847
431,"11 PATRIOT ACT/ASCENDED DREAMS, LLC",0001575392
432,"11 PENN TV, LLC",0001546691
433,"11 PINE, INC.",0001664635
434,"11 PYRO/TRES TRES JOLI, LLC",0001558743
435,"11 RONIIN, LLC",0001625109
436,"11 TAPIT/FREE THE MAGIC, LLC",0001558758
437,"11 TAPIT/PUNCH APPEAL, LLC",0001571687
438,"11 TIZNOW/COYA, LLC",0001558764
439,"11 TIZNOW/PAPA TO KINZIE, LLC",0001574250
440,11 VANDERBILT ROASTERY LLC,0001588093
441,"11 WAR CHANT/ROYAL G G, LLC",0001574535
442,"11-11 ADCURATIO 2, LLC",0001737793
443,"11-11 ADCURATIO 3, LLC",0001741028
444,"11-11 GOPROCURE, LLC",0001735246
445,"11-11 GROWTH FUND I, LP",0001699189
446,"11-11 LEAP CREDIT, LLC",0001737697
447,"11-11 RAW SHORTS, LLC",0001741019
448,"11-11 SOFTWEARAUTOMATION, LLC",0001737744
449,"11-11 SUDU, LLC",0001741013
450,"11-11 ZVERSE, LLC",0001737785
451,"11-16 AZCF, LLC",0001688421
452,"11.2 CAPITAL I, L.P.",0001591336
453,"110 CORCORAN PROPERTY PARTNERS, LLC",0001658659
454,"110 MEDIA GROUP, INC.",0000824104
455,110-112 THIRD AVE. GC II LLC,0001341596
456,110-112 THIRD AVE. GC LLC,0001341595
457,110-112 THIRD AVE. REALTY CORP.,0001336718
458,1100 CENTRAL LLC,0001281138
459,1100 FIRST INC.,0001539197
460,1100591 ALBERTA LTD,0001486595
461,1101 CVR LLC,0001551028
462,1101 KNOXVILLE REALTY,0001650076
463,1101 NORTH DIXIE LLC,0001367402
464,1101 NYA REIT INVESTOR (DE) LLC,0001724495
465,"1101 REIT, LLC",0001536619
466,"1101K, INC.",0001533487
467,1104 WESLEY AVENUE LLC,0001400942
468,"1105 MAIN STREET, LLC",0001741721
469,1105 MEDIA HOLDINGS LLC,0001361784
470,1105 PETERS ROAD LLC,0001141112
471,1105 SKYLINE INVESTMENTS LLC,0001415417
472,1108 HIGHWAY AVE TOWNHOMES LLC,0001658836
473,11084 LEROY DRIVE LLC,0001324999
474,1109 BRAVO L.L.C.,0001714704
475,1109519 ONTARIO LTD,0001275993
476,111 CORCORAN FUNDS,0000883496
477,111 CROWDFUNDING LLC,0001702014
478,111 ERASMUS FUNDING LP,0001711598
479,111 HOLDINGS INC,0001040616
480,111 HUNTING RIDGE ROAD ASSOCIATES LLC,0001307882
481,"111 N. CANAL INVESTORS, LLC",0001564459
482,111 SEVENTH LLC,0001401148
483,"111 TRI-COUNTY PARTNERS, LP",0001515959
484,111 WEST MARSHALL STREET LLC,0001686975
485,"1110 HIBISCUS REALTY GP, LLC",0001701735
486,"1110 HIBISCUS REALTY, LLC",0001699841
487,1111 BLALOCK INVESTORS LP,0001733989
488,"1111 BROADWAY DISTRIBUTION, LLC",0001666635
489,1111 PARKER STREET LLC,0001404603
490,"1111 SUNSET BOULEVARD II, LLC",0001674464
491,1111 SUPERIOR INVESTORS LLC,0001613090
492,1111 THIRD REIT,0001631768
493,"1111 W STREET, LLC",0001658053
494,1111030 B.C. LTD.,0001704242
495,"1112 PARTNERS, LLC",0001698537
496,1115638 ALBERTA LTD,0001311901
497,1115650 ALBERTA LTD,0001312502
498,11170 E 47TH LLC,0001406113
499,"1119 LINCOLN WAY, LLC",0001640153
500,"112 BURLEIGH AVENUE NORFOLK, LLC",0001312441
501,112 CHESTNUT OAKS LLC,0001421058
502,112 CPS HOLDINGS LLC,0001295528
503,"112 PG PARTNERS, LLC",0001369666
504,112 SOUTH MAIN 10 PERCENT COLLATERALIZED NOTES LLC,0001558383
505,"112359 FACTOR FUND, LLC",0001618143
506,1125 NORTH FAIRFAX LLC,0001614102
507,1127 CAPITAL LLC,0001257419
508,1127 CAPITAL OFFSHORE FUND LTD,0001257633
509,1127485 B.C. LTD.,0001716127
510,1129 20TH STREET MEMBER LLC,0001352716
511,"1130 HOWARD ADVISORS, LLC",0001722366
512,"1132 19TH STREET, LLC",0001599422
513,1132284 ALBERTA LTD,0001325826
514,1136 31ST AVE S LLC,0001736452
515,"114 5TH AVENUE NEW YORK CITY, LLC",0001657811
516,114 PARTNERS LTD,0001241646
517,114 REIT LP,0001665218
518,114 SYSTEMS INC,0001384498
519,1140 FOLSOM LLC,0001592121
520,"1143 HIGHLAND DRIVE, LLC",0001663921
521,11447 SECND STREET LLC,0001449607
522,11447 SECOND STREET LLC,0001449607
523,115 CLIFTON FUNDING LP,0001711600
524,1150 LIQUIDATING CORP,0000093706
525,1150 N VENTURA LP,0001230189
526,"1150 UNION INVESTORS, LLC",0001682041
527,"1155 BOULDER, LLC",0001666561
528,"1155 ISLAND AVENUE, LLC",0001629203
529,1156062 SPV LIMITED PARTNERSHIP,0001741532
530,116 AVENUE PG INC,0001414198
531,"11601 AUDELIA DALLAS, LP",0001594033
532,"11601 AUDELIA ROAD, LP",0001552995
533,"11619 EUCLID, LLC",0001668972
534,11660 HUEBNER RD LP,0001719540
535,"11715 SOUTH GLEN, LP",0001660028
536,11740 SW 68TH PARKWAY LLC,0001710548
537,118 2ND AVE PREF EQUITY LLC,0001736161
538,118 INVESTORS LLC,0001543935
539,"118 WEST 114TH STREET PARTNERS, LP",0001298546
540,1183929 ALBERTA ULC,0001462144
541,"11850 EAST MAPLE MEMBER, LLC",0001638149
542,"1188 BREWING COMPANY, LLC",0001672624
543,1188 BROADWAY LLC,0001372374
544,"119 BOISE, LLC",0001633290
545,"11900 EAST ARTESIA BOULEVARD, LLC",0001639215
546,11900 HARLAN ROAD LLC,0001398414
547,11:11 CAPITAL CORP.,0001463262
548,11I NETWORKS INC,0001418942
549,11TH & GRAND INVESTMENTS LLC,0001273774
550,11TH & GRAND INVESTMENTS PHASE II LLC,0001311349
551,11TH & MYRTLE WEST LLC,0001312585
552,11TH STREET AUSTIN PARTNERS LTD,0001382047
553,"12 AFTER MARKET/LETHA B, LLC",0001607390
554,"12 BERNSTEIN/DIAMONDINTHESTREAM, LLC",0001602734
555,"12 BIRDSTONE/PEARLS, LLC",0001584912
556,"12 BROKEN VOW/FAIR & SQUARE, LLC",0001606603
557,"12 CANDY RIDE/LAUGHINGLY, LLC",0001587403
558,12 CAPITAL FUND SPC LTD,0001390432
559,"12 CATIENUS/SYDNEY'S LEXINGTON, LLC",0001607012
560,"12 COLES HOLDINGS, LLC",0001689881
561,"12 COLONEL JOHN/DOCS DESTINY, LLC",0001584921
562,"12 CONGRATS/BROADWAY GOLD, LLC",0001602764
563,"12 DISCREETLY MINE/ROCKIN ON, LLC",0001606797
564,"12 EL CORREDOR/BLUE HILLS, LLC",0001609141
565,"12 FLASHY BULL/PLEASURE CAT, LLC",0001582515
566,"12 FOREFATHERS/CHARLIE'S MOONBEAM, LLC",0001611494
567,"12 GHOSTZAPPER/BALLISTAE, LLC",0001629744
568,"12 INTERACTIVE, LLC",0001482227
569,"12 LEROIDESANIMAUX/SILVER LISA, LLC",0001587404
570,"12 MALIBU MOON/SHE SAYS IT BEST, LLC",0001602780
571,"12 MORE THAN READY/TWILIGHT SERVICE, LLC",0001584918
572,12 PERCENT FUND I LLC,0001258460
573,"12 PLEASANTLY PERFECT/WINTER TIDE, LLC",0001602962
574,"12 READY'S IMAGE/MALABAR STAR, LLC",0001607236
575,12 RETECH CORP,0001627611
576,"12 SCAT DADDY/DREAM DATE DIVA, LLC",0001607014
577,"12 SCAT DADDY/LAVENDER BABY, LLC",0001587402
578,"12 SHARP HUMOR/OVEROCKS, LLC",0001606795
579,"12 SHARP HUMOR/PECAN BAYOU, LLC",0001602942
580,12 SQUARED PARTNERS LLC,0001101122
581,"12 TALE OF EKATI/REBECCA'S SONG, LLC",0001584914
582,12 TELECOM INTERNATIONAL INC,0001433865
583,12 TO 20 PLUS INC,0001100394
584,"12 UTOPIA/TOUCHMEIFYOUCAN, LLC",0001606600
585,"12 WAR FRONT/REMEMBER THE KEG, LLC",0001602947
586,12 WEST CAPITAL FUND LP,0001532621
587,12 WEST CAPITAL FUND LTD.,0001589327
588,12 WEST CAPITAL MANAGEMENT LP,0001540531
589,12 WEST PUNCH CARD FUND LP,0001595817
590,"12/21 CAPITAL MANAGEMENT, L.P.",0001597103
591,12/3 BRANDING INC,0001338157
592,120 EAST 87TH STREET LLC,0001351530
593,120 LAUNDRY LLC,0001361830
594,"120 WATER AUDIT, LLC",0001701190
595,120/30 HEDGE FUND LP,0001172806
596,1200 ABILENE LLC,0001301561
597,"1200 BLUEGRASS LAKES PARTNERS, LP",0001534957
598,1200 ELY STREET HOLDINGS CO. LLC,0001555840
599,1200 PHARMA LLC,0001723507
600,"1200 REIT, LLC",0001536622
601,1201 BALSAM LLC,0001432367
602,1201 F STREET LLC,0001395726
603,1201 MANSFIELD LLC,0001423775
604,"1201 PARTNERS, LLC",0001610550
605,"1201 PROSPECT, LLC",0001670175
606,1201 THIRD AVENUE REIT LLC,0001430397
607,12030 QUALIFIED HEDGE FUND LP,0001173122
608,"1205 BROADWAY EB-5 INVESTORS FUND, L.P.",0001683496
609,1207407 ONTARIO LTD.,0001666831
610,"1209 CAPITAL PARTNERS, LP",0001660869
611,121 EAST MAIN ST INC,0000929269
612,121 FGP LLC,0001518361
613,121 GOLFNET INC,0001418531
614,121 SPORTSNET INC,0001369855
615,121 WEST MAIN STREET LLC,0001437930
616,1211 & OLIVE REIT LP,0001662572
617,1211 AVENUE OF THE AMERICAS REIT,0001598760
618,"1211 FINANCIAL ASSOCIATES, LLC",0001469643
619,"12111 CHAMPION WAY INDUSTRIAL, INC.",0001730325
620,1212 DEVELOPMENT CORP,0001705510
621,12121 WILSHIRE BOULEVARD LLC,0001482085
622,1212707 ALBERTA LTD.,0001366880
623,1214 GRISWOLD APARTMENTS LLC,0001590915
624,1216848 ALBERTA LTD.,0001393098
625,1217 BEDFORD FUNDING PARTNERS LP,0001711596
626,1217 INVESTMENTS LLC,0001358421
627,"1218 HAVEMEYER AVENUE, LLC",0001398518
628,121C INC,0001714685
629,121MEDIA INC,0001394366
630,"122 E 22ND ST CO-INVEST, LLC",0001719816
631,"122 WEST VENTURES, L.P.",0001694009
632,1222 EAST PINE STREET LLC,0001554124
633,1223 ANAHEIM STREET LLC,0001252791
634,1224 CORP,0001062045
635,1226 VAIL LLC,0001619521
636,1229501 ONTARIO INC,0001051239
637,123 BAXTER OWNERS CO LLC,0001210091
638,123 CAMINO CARMELITA LLC,0001612736
639,"123 COMPANIES, LLC",0001616207
640,123 ID INC,0001177849
641,"123 LUMPSUM DELAWARE HOLDINGS, LLC",0001575432
642,1230 N OCEAN LENDER LLC,0001647859
643,1231 K STREET MEMBER LLC,0001343620
644,"12312 MAYFIELD ROAD, LLC",0001723245
645,1232 E VIRGINIA AVENUE LLC,0001743673
646,1233 CORP,0001083775
647,"1234 PROSPECT, LLC",0001748064
648,"12342RM620 INVESTMENTS, L.P.",0001557166
649,1236 MEARNS COMMUNITIES LP,0001593708
650,1236 MEARNS MANAGER LP,0001593707
651,"1239 BAY AREA, LP",0001642093
652,123SIGNUP ASSOCIATION MANAGEMENT SOLUTIONS INC,0001166424
653,124 BIRCH LANE ASSOCIATES LLC,0001305585
654,124 HUDSON STREET EQUITIES LLC,0001361079
655,1240 CEDAR LLC,0001483497
656,"1245 RIDGE AVE, LLC",0001728806
657,1248 MANOR FUNDING LP,0001711594
658,"1248 SOUTH VINEYARD STREET, LLC",0001642880
659,125 BROAD FUNDING L.P.,0001727019
660,125 LINCOLN STREET REIT INVESTOR (DE) LLC,0001711785
661,"125 NORTH 18TH STREET, LLC",0001536321
662,125 PALMER APARTMENTS,0001696991
663,125 S. WACKER STREET REIT,0001727076
664,"125 W 44 RESTAURANT ASSOCIATES, LLC",0001575133
665,"1250 CENTRAL AVE., LLC",0001696936
666,"1250 HUNTERS COVE, LLC",0001589707
667,"1251 CAPITAL GROUP, INC.",0001680002
668,1255 23RD STREET TRUST,0001540066
669,126 HARRISON FUNDING LP,0001711602
670,126-142 MORGAN STREET URBAN RENEWAL LLC,0001573052
671,1260 AMSTERDAM REALTY LLC,0001567595
672,1260 MARTIN LLC,0001659452
673,1260 RED BUTTE LLC,0001548157
674,12600 MULHOLLAND DR LLC,0001609829
675,"12655 WEST JEFFERSON OWNER, LLC",0001596513
676,1266 TEXAS LLC,0001729740
677,1266715 ALBERTA INC,0001424295
678,12697 INVESTCO LLC,0001659170
679,127 MADISON PARTNERS LLC,0001312986
680,12702 UNIVERSITY CLUB MEMBER LLC,0001635833
681,1274152 ONTARIO INC,0001079698
682,128 CAPITAL PARTNERS LP,0001444760
683,"128 CC, LLC",0001671194
684,128 MAIN STREET LLC,0001691270
685,128 PARTNERS LLC,0001606884
686,"128 TECHNOLOGY, INC.",0001627997
687,"1281 STONE CANYON, LLC",0001635597
688,"12811 CHAMPIONS VILLAGE APARTMENTS, LLC.",0001586777
689,1290 BROADWAY LAND REIT LLC,0001350304
690,1290 BROADWAY REIT LLC,0001350307
691,1290 FUNDS TRUST,0001605941
692,1290 FUNDS,0001605941
693,12910 VILLA ESPADA PARTNERS LLC,0001674009
694,1295728 ALBERTA ULC,0001522415
695,12BRAIN INC,0001307272
696,"12K, LLC",0001386953
697,12TH & JOHN INVESTORS LLC,0001668372
698,"12TH & MARION CROSSING, LLC",0001447576
699,"12TH AVE. LENDERS, LLC",0001693262
700,12TH FLOOR FILM FUND LLC,0001356608
701,"12TH STREET ASSET MANAGEMENT COMPANY, LLC",0001633703
702,12TH STREET ASSET MANAGEMENT LP,0001449906
703,"12TH STREET FINANCIAL, LLC",0001499836
704,12TH STREET MANAGER LLC,0001679839
705,12TH STREET OPPORTUNITY LP,0001449906
706,12VE DEGREES CORP,0001496679
707,"12WELVE EYES BREWING, LLC",0001695886
708,"13 ARCH/REBUKE, LLC",0001637875
709,"13 AWESOME OF COURSE/LADY OF LONG AGO, LLC",0001637467
710,"13 CAPE BLANCO/MATTIEANDMORGAN, LLC",0001637321
711,"13 CITY ZIP/TIZADO, LLC",0001640532
712,13 COINS ACQUISITION LLC,0001352133
713,"13 COLONEL JOHN/MYSTERY BULLET, LLC",0001640399
714,"13 COLONEL JOHN/REPEAT, LLC",0001619726
715,"13 CONGRATS/DECEIT, LLC",0001619734
716,"13 CONGRATS/NIGHT EDITION, LLC",0001637629
717,"13 COURT VISION/DRY HEAT, LLC",0001637298
718,"13 COURT VISION/SECRET OF MECCA, LLC",0001635920
719,"13 CURLIN/GIANT CANAL, LLC",0001616399
720,"13 DIXIE CHATTER/KELLYS PRINCESS, LLC",0001645896
721,"13 EINSTEIN/CREME CATALAN, LLC",0001635919
722,"13 ESKENDEREYA/SAMBORA, LLC",0001640386
723,"13 FIRST DUDE/SIMMERETTE, LLC",0001617530
724,"13 GIANT OAK/MAGIC SHAW, LLC",0001640400
725,"13 GIO PONTI/STRIKES A CHORD, LLC",0001667349
726,"13 ICE BOX/SWEET BRANDY, LLC",0001614177
727,"13 INCLUDE/NANCY G., LLC",0001637885
728,"13 LOOKIN AT LUCKY/FUSAICHI, LLC",0001724108
729,"13 LUCKY PULPIT-LASTING BEAUTY, LLC",0001634996
730,"13 MAKFI/AURORE, LLC",0001697768
731,"13 MINESHAFT/PLAID, LLC",0001616400
732,13 NY LLC,0001431469
733,"13 PADDY O'PRADO/CLASS CHOICE, LLC",0001637295
734,13 PALMETTO FUNDING PARTNERS LP,0001711557
735,"13 SMART STRIKE/FIRST PASSAGE, LLC",0001619733
736,"13 STREET BOSS/SWEET SIERRA, LLC",0001640616
737,"13 SUPER SAVER/MISS MARCIA, LLC",0001637468
738,"13 TIZNOW/SUMPTUOUS, LLC",0001619210
739,"13 TRAPPE SHOT/CALL DA LAW, LLC",0001645897
740,130 CLINTON ST. PARTNERS LLC,0001553141
741,"130 E. JOHN W. CARPENTER FREEWAY, LP",0001742935
742,130 NORTH STREET,0001718209
743,"130 S. FRONT ST., L.P.",0001614709
744,"130 SOUTH GREEN, LLC",0001614849
745,1300 NORTHWOOD LLC,0001717534
746,1300554 ONTARIO LTD,0001268967
747,"13011 WIRE RD, LP",0001707414
748,1307 GLENWOOD LLC,0001446020
749,"1308 N. ELSTON (CHICAGO) INVESTORS, LLC",0001693150
750,1309 N. HOYNE ACQUISITION LLC,0001620481
751,130W42 REALTY INC.,0001648008
752,1311 WEST BROAD STREET LLC,0001708916
753,1313366 ONTARIO INC,0001566444
754,"1315 CAPITAL II, L.P.",0001730825
755,"1315 CAPITAL, L.P.",0001637443
756,"1319 SOUTH CAPITOL INVESTORS, LLC",0001652241
757,"132-70 SANFORD AVENUE, INC.",0001723826
758,"1320 RESIDENCES, LLC",0001618161
759,1321 MISSION SMARTSPACE LLC,0001524592
760,1322975 ALBERTA LTD.,0001687119
761,"1325 INVESTORS, L.L.C.",0001721345
762,"1325 TENNIS DRIVE, LP",0001617989
763,"1326 SOUTH MICHIGAN AVENUE (CHICAGO) HOLDINGS, LLC",0001696080
764,1329507 ONTARIO INC,0001285788
765,"133 GREENWICH HOTEL, LLC",0001551438
766,133 HEWES FUNDING LP,0001711625
767,"13303 HW BUSINESS CENTER, LP",0001722029
768,1335 GATES FUNDING L.P.,0001737890
769,"1337 STREET FUND (OFFSHORE), LP",0001707128
770,"1337 STREET FUND, LP",0001707130
771,134 BAY STREET LLC,0001370008
772,"134 MEETING CMB, LLC",0001623747
773,1340649 ONTARIO LTD,0001230588
774,1346049 ONTARIO LTD,0001230588
775,1347 CAPITAL CORP,0001606163
776,1347 CAPITAL LLC,0001612412
777,1347 INVESTORS LLC,0001612411
778,"1347 PROPERTY INSURANCE HOLDINGS, INC.",0001591890
779,"1349 HORIZON RIDGE, LP",0001553225
780,135 WEST 30TH HOTEL PREFERRED INVESTORS LLC,0001539737
781,"1350 HIGHLAND DRIVE, LLC",0001683817
782,1354037 ONTARIO INC.,0001323393
783,"1359 JOHNSON STREET, LLC",0001741828
784,"136 EASTPORT ROAD, LLC",0001476140
785,136 STATE STREET LLC,0001428120
786,1366 TECHNOLOGIES INC,0001423493
787,"1369904 ONTARIO, INC.",0001603986
788,137 21 FUNDING L.P.,0001741596
789,"137 AFFILIATES II, LP",0001605169
790,"137 AFFILIATES III, LP",0001655764
791,"137 AFFILIATES, LP",0001555597
792,137 AVENUE C LLC,0001611821
793,137 CAT ROCK ROAD ASSOCIATES LLC,0001430826
794,"137 E. FRANKLIN, LP",0001608654
795,"137 HOLDINGS AB, LLC",0001616315
796,"137 HOLDINGS AC, LLC",0001634381
797,"137 HOLDINGS C, LLC",0001645870
798,"137 HOLDINGS CAPX, LLC",0001605789
799,"137 HOLDINGS II, LLC",0001550058
800,"137 HOLDINGS III, LLC",0001563308
801,"137 HOLDINGS III, LP",0001646335
802,"137 HOLDINGS IV, LLC",0001585318
803,"137 HOLDINGS IX, LLC",0001716986
804,"137 HOLDINGS M, LLC",0001646674
805,"137 HOLDINGS SOC, LLC",0001663468
806,"137 HOLDINGS SXI, LLC",0001735162
807,"137 HOLDINGS V, LLC",0001600472
808,"137 HOLDINGS VI, LLC",0001616317
809,"137 HOLDINGS VII, LLC",0001616481
810,"137 HOLDINGS X, LLC",0001732721
811,"137 SOURWOOD, LLC",0001728870
812,"137 VENTURES II, LP",0001588377
813,"137 VENTURES III, LP",0001646335
814,"137 VENTURES IV, L.P.",0001728146
815,"137 VENTURES, LP",0001522779
816,1370 BROADWAY REIT LLC,0001570622
817,"1370 FUND - USRA NET LEASE II, LLC",0001631363
818,1370 FUND - USRA NET LEASE III LLC,0001713012
819,1370 INVESTOR LLC,0001177594
820,"13725 CAMBURY DRIVE, LP",0001677646
821,138 SCRAP INC,0001069921
822,1384 FIRST REALTY LLC,0001567575
823,139 EAST 56TH STREET REIT LLC,0001729631
824,"139-06, 139-08 34TH ROAD, INC.",0001690611
825,"139-09 34TH ROAD, INC.",0001690610
826,"13922 CERISE AVENUE, LLC",0001613415
827,13A COMMERCIAL MORTGAGE SECURITIES FUND INC,0000934588
828,13D MANAGEMENT LLC,0001600133
829,13TH & CENTRAL LLC,0001637469
830,"13TH & MULBERRY, LLC",0001730148
831,"14 AMERICAN LION/ESCONCE, LLC",0001651373
832,"14 ARCH/BUY THE BARREL, LLC",0001668892
833,"14 ARCHARCHARCH/CATTY MATTY, LLC",0001672820
834,"14 BELLAMY ROAD/ROCKFORD PEACH, LLC",0001668530
835,"14 BERNARDINI/FIRST PASSAGE, LLC",0001653890
836,"14 BODEMEISTER/ABOVE PERFECTION, LLC",0001700860
837,"14 BODEMEISTER/SMARTY DEB, LLC",0001670298
838,14 COMMERCE INC,0001225646
839,"14 CONGRATS/INTENTIONAL FEVER, LLC",0001690170
840,"14 DESERT PARTY/RUNAWAY TIGER, LLC",0001676486
841,"14 DUBAWI/DARYAKANA, LLC",0001719418
842,"14 ELUSIVE QUALITY/HOLY PRINCESS, LLC",0001648381
843,"14 FIRST SAMURAI/GERENT, LLC",0001669965
844,"14 FIRST SAMURAI/MARCS LARK, LLC",0001651349
845,"14 FIRST SAMURAI/SCHOLASTIC, LLC",0001672794
846,"14 GEMOLOGIST/NORTH LAKE JANE, LLC",0001648296
847,"14 GEMOLOGIST/SHIMMERING TALE, LLC",0001671443
848,"14 GHOSTZAPPER/WINTER FOREST, LLC",0001671435
849,"14 GONE ASTRAY/SASSY HARPER, LLC",0001669647
850,"14 HANSEN/AIRIZON, LLC",0001651061
851,"14 INTO MISCHIEF/RISEN MISS, LLC",0001668800
852,"14 JERSEY TOWN/SHY CONTESSA, LLC",0001669967
853,"14 LOOKIN AT LUCKY/BRUSH THE RAIL, LLC",0001669764
854,"14 PARK PLACE, LLC",0001401969
855,"14 PUT IT BACK/TAPITSDONTLIE, LLC",0001670101
856,"14 SMART STRIKE/IN THE SLIPS, LLC",0001670392
857,"14 SOARING EMPIRE/D' COUNTRY, LLC",0001672930
858,14 STAGG FUNDING LP,0001711483
859,"14 SUPER SAVER/ARTA B TAPPIN, LLC",0001671079
860,"14 SUPER SAVER/HARLAN SHOWGIRL, LLC",0001653893
861,"14 SYDNEYS CANDY-MUSIC & MAGIC, LLC",0001648992
862,"14 TIZWAY/BULLVILLE BELLE, LLC",0001651025
863,14 WALNUT LLC,0001689889
864,"14 WILBURN/MIDNIGHT DELIGHT, LLC",0001669646
865,"14-22 KEEWAYDIN DRIVE, LLC",0001587888
866,140 BW LLC,0001316342
867,140 DEARBORN LLC,0001679879
868,140 EAST HARTSDALE LLC,0001593781
869,140.32 LLC,0001610365
870,"1400 APT VENTURE, LLC",0001694970
871,1400 EYE INVESTORS LLC,0001192616
872,1400 HUDSON LLC,0001626489
873,"1400 REIT, LLC",0001536620
874,"1401 CALLOWAY, LLC",0001692777
875,"1401 COMMERCE, LLC",0001737241
876,1401 HOLCOMB LLC,0001659441
877,1401 K INVESTORS LLC,0001444974
878,"1401 MORRISON, LP",0001641642
879,"1401 REIT, LLC",0001536621
880,"1405 SIDNEY BAKER, LLC",0001670454
881,1407 W SHADY GROVE RD LLC,0001670156
882,141 CAPITAL INC,0001420081
883,"141 CAPITAL, INC.",0001083384
884,"141 S. MERIDIAN, LP",0001608599
885,141 TRADING GROUP LLC,0001436770
886,1410 ABBOT KINNEY LLC,0001381406
887,1410 PARTNERS LLC,0001620673
888,14100 INVESTORS 2008 LLC,0001435985
889,1411 BROADWAY REIT,0001567518
890,1411 K HOLDINGS LLC,0001245837
891,1411 MAIN STREET LLC,0001316014
892,"1412 BROADWAY HOLDINGS, LLC",0001508122
893,1414 EAST DANA LLC,0001559599
894,1415 GLYNN LLC,0001659008
895,1415 INVESTORS LLC,0001207099
896,"14159 CAPITAL (GP), LLC",0001317493
897,"14159 CAPITAL (GP, LLC",0001317493
898,"14159, L.P.",0001551138
899,"1418 ADAMS ST., LLC",0001515848
900,141ST STREET INVESTMENT GROUP LLC,0001443787
901,"142 NE 7TH CAPITAL, LLC",0001725118
902,142 WEST 36TH STREET REIT INC,0001630393
903,1420 EAST MADISON STREET LLC,0001605119
904,1420525 ALBERTA LTD.,0001448961
905,1421 RICHARDSON STREET LLC,0001337595
906,1426835 ONTARIO INC,0001253522
907,142ND STREET PANATTONI INC,0001414197
908,"143-45 SANFORD AVENUE, INC.",0001695726
909,1430 PETTYGROVE MANAGER LLC,0001702170
910,"1438 WEST PEACHTREE PARTNERS, LLC",0001677638
911,143RD AVENUE INVESTORS LLC,0001717850
912,"144 MEDIA, LLC",0001430303
913,144 WARREN LLC,0001570376
914,"1440 BROADWAY (NY) HOLDINGS, LLC",0001728818
915,1441163 ALBERTA LTD.,0001474313
916,"1443 CHAPIN STREET, LP",0001492395
917,"1447 11TH LP, A CALIFORNIA LIMITED PARTNERSHIP",0001693156
918,1448 BEDFORD FUNDING LP,0001711434
919,1448 MCCARTER HIGHWAY LLC,0001270297
920,"1448 NAPERVILLE-WHEATON AM, LLC",0001591649
921,144A FUND LP,0001432632
922,"144A OFFSHORE FUND, LTD.",0001486736
923,145 AMERICAS LLC,0001283474
924,145 PARTNERS LLC,0001393735
925,"145 SOUTH WELLS INVESTMENTS, LLC",0001740970
926,1450 WASHINGTON LLC,0001497065
927,1451 COLQUITT ROAD LLC,0001736560
928,1451 HUDSON LLC,0001664937
929,"14531 E. ALAMEDA, LLC",0001722318
930,"14555 SCOTTSDALE ROAD, LP",0001668019
931,"1457 INVESTMENT GROUP, LLC",0001743451
932,14575 INNOVATION DRIVE LIMITED PARTNERSHIP,0001511887
933,"145TH 275, LLC",0001696970
934,14649 SATICOY PARTNERS LP,0001276970
935,"1466 ROCKCUT ROAD, LLC",0001687567
936,147 STANHOPE FUNDING L.P.,0001711431
937,1470 CIVIC LLC,0001727402
938,1470 TELES LLC,0001196157
939,1475 NORTH GRANITE REEF ROAD LLC,0001223140
940,"1475 WASHINGTON AVENUE ASSOCIATES, LLC",0001649298
941,1476 MAGAZINE LLC,0001734217
942,1476448 ONTARIO,0001555044
943,1488 - 32ND STREET LLC,0001673296
944,"14896 E 38TH AVENUE, LLC",0001630448
945,1492 ACQUISITION LLC,0001559245
946,1492 CAPITAL MANAGEMENT LLC,0001584087
947,1496965 ALBERTA LTD.,0001551914
948,1499 MASSACHUSETTS AVENUE INC,0001200913
949,"14TH & EUCLID, LLC",0001683715
950,14WBELLA LLC,0001562750
951,15 ANGELS LLC,0001677269
952,"15 ANIMAL KINGDOM-GOLDEN MEAN, LLC",0001699905
953,"15 ANIMAL KINGDOM/CIAO, LLC",0001685121
954,"15 ARTIE SCHILLER/COSTUME DESIGNER, LLC",0001728760
955,"15 BROKEN VOW/GIVE MY REGARDS, LLC",0001699870
956,"15 CITY ZIP/WALLINGFORD, LLC",0001682904
957,"15 CREATIVE CAUSE/BARBY SUE, LLC",0001702543
958,"15 CREATIVE CAUSE/GOLD N SHAFT, LLC",0001738155
959,"15 DATA LINK/MALAYSIA, LLC",0001705845
960,"15 ELUSIVE QUALITY/MY SPECIAL SECRET, LLC",0001705687
961,"15 FIELD COMMISSION/IMPERIAL BLUE, LLC",0001701133
962,"15 FRIESAN FIRE/DUCK THE PUNCH, LLC",0001705324
963,"15 GEMOLOGIST/RED MENACE, LLC",0001683130
964,"15 GHOSTZAPPER/PENSION, LLC",0001685368
965,"15 GRAYDAR/VERONICAS LAKE, LLC",0001701785
966,"15 JIMMY CREED/SLICED BREAD, LLC",0001702802
967,"15 LEMON DROP KID/DOE, LLC",0001685269
968,"15 MALIBU MOON/INDIAN BREEZE, LLC",0001702675
969,"15 MONTGOMERY WAY, LLC",0001688691
970,"15 MORNING LINE/ANGEL TRUMPET, LLC",0001705129
971,"15 MORNING LINE/HOMECOMING DANCE, LLC",0001707663
972,"15 MUHTATHIR/CHICAGO MAY, LLC",0001744097
973,"15 MUNNINGS/BLISS, LLC",0001701353
974,15 NOBLE CAUSEWAY/MOMMAS EYES LLC,0001705319
975,"15 OVERANALYZE/HAPPY DESTINY, LLC",0001701076
976,"15 OXBOW/MEXICAN MOONLIGHT, LLC",0001735269
977,"15 PAYNTER/DIXIES HOPE, LLC",0001705135
978,"15 PAYNTER/MORE OATS PLEASE, LLC",0001707642
979,"15 PIONEER OF THE NILE/MY TINA, LLC",0001746557
980,"15 QUALITY ROAD/R CHARLIES ANGEL, LLC",0001701058
981,"15 ROMAN RULER/DARK EYES, LLC",0001724340
982,"15 SEA STREET, INC.",0001489298
983,"15 SHANGHAI BOBBY/SEA LAUNCH, LLC",0001685597
984,"15 STAY THIRSTY/WATRUGONNADOROSIE, LLC",0001705591
985,"15 THE FACTOR/ALPHA TAMMY, LLC",0001701512
986,"15 UNCLE MO/PATSYS KIM, LLC",0001682903
987,150 BROADWAY LLC,0001629571
988,"150 FAYETTEVILLE PARTNERS, LLC",0001696854
989,150 MCCLELLAN HIGHWAY LLC,0001276945
990,"150 OFFICE DEVELOPMENT, LLC",0001479089
991,150 WFA LLC,0001440841
992,1500 GARDEN ST. LLC,0001335625
993,1500 REAGAN HILL LLC,0001664496
994,1500 RR PORTFOLIO LLC,0001717180
995,1500 VENTURE LLC,0001681330
996,1500 WEST ELIZABETH CORP,0001295261
997,1501 FIRST AVENUE SOUTH LP,0001437643
998,"1501 WASHINGTON AVENUE INVESTORS, LLC",0001729940
999,"1501-1515 REIT, LLC",0001536612
